Q,A
기초 연금 수급권자는 장애인 연금 기초 급여를 받을 수 있나요,장애인 연금법 제6조 제5항에 따라 기초 연금 수급권자에게는 장애인 연금 기초 급여를 지급하지 않습니다
국가 유공자로서 상이등급을 가지고 있는데 장애인 연금 신청 가능한가요,국가 유공자와 상관없이 장애인복지법에 따라 등록된 중증장애인이면 장애인 연금 신청 가능합니다
중증 장애인이 근로 소득이 있어도 장애인 연금을 받을 수 있나요,본인과 배우자의 소득을 조사해서 선정 기준액 이하일 경우 장애인 연금 지급이 가능합니다
65세 이상이 되면 장애인 연금 기초 급여를 지급하지 않는 이유는 무엇인가요,65세 이상이 되면 장애인 연금 기초 급여 대신 기초연금을 신청하여 지급하게 됩니다
장애인연금은 본인만 신청할 수 있나요,장애인연금은 본인과 대리인 그리고 관련 공무원이 신청 가능합니다
장애인연금을 신청하면 장애 재심사를 반드시 받아야 하나요,장애인연금을 신청하는 중증장애인은 장애 재심사를 받아야 합니다
장애인연금을 신청했는데 결정되기까지 얼마나 걸리나요,장애인연금은 신청 후 소득재산 조사 및 장애 등급심사 등에 따라 3060일 정도의 기간이 소요될 수 있습니다
장애 수당을 신청하는 경우 장애 정도 재심사를 받아야 하나요,장애인복지법 제49조 개정에 따라 장애수당을 신청하는 장애인은 장애 정도 재심사를 받아야 합니다
장애인 전용 주차 구역 주차 표지는 어디서 발급받나요,장애인 전용 주차 구역 주차 표지는 주민등록 주소지 주민센터에서 발급 가능합니다
장애인 차량이 여러 대일 경우 주차 표지를 각각 발급 받을 수 있나요,장애인 1명이 여러 대의 차량을 소유할 경우 주차가능 표지는 1대만 발급 가능하나 주차불가 표지는 각각 발급 가능합니다
장애인 활동지원 서비스 이용하려면 국민행복카드를 새로 발급 받아야 하나요,신규로 장애인 활동지원 서비스를 신청할 경우 기존 희망e든 카드가 아닌 국민행복카드를 발급하도록 변경되었습니다
장애인이면 장애인 전용 주차구역에 주차가능한 표지를 발급 받을 수 있나요,장애인 전용 주차구역 주차표지는 보행상 장애 판정기준에 의거해 발급여부 확인이 가능합니다
오토바이가 장애인 전용 주차구역에 주차되어 있는 경우 주차방해행위로 볼 수 있나요,오토바이는 자동차관리법에 따라 이륜자동차로 분류되므로 주차가능표지를 부착하지 않고 장애인 전용 주차구역에 주차했다면 불법주차로 보아야 합니다
장애인연금은 어떻게 구분되나요,장애인연금은 기초급여와 부가급여로 구분됩니다
구청에서 장애인에게 제공하는 대중교통이 있나요,구청은 장애인과 같은 교통약자에게 무료셔틀버스 운영을 통해 관공서 및 복지시설의 편리한 이용과 이동권을 보장합니다
찾아가는 방문 재활사업에 대해 알려주세요,거동이 불편한 재가 장애인을 대상으로 하며 통증 치료 및 재활 운동 교육을 진행합니다
장애인연금 지급 조건에 대해서 알고 싶습니다,장애인 연금은 만 18세 이상 중증장애인 중 소득 인정액이 선정 기준액 이하인 자에게 지급됩니다
장애인 주차구역 불법 주차 신고는 어떻게 하나요,생활 불편 신고 및 안전 신문고 앱을 통해 신고하실 수 있습니다
장애 등급제가 폐지된 후 장애인 주차표지 발급 기준이 궁금합니다,신규 등록 장애인은 장애 정도 추가 심사 후 보행상 장애가 있는지 여부에 따라 주차 표지가 발급됩니다
장애인 등록을 하려는데 어디에 신고해야 하나요,장애인 등록에 관한 신고는 각 주민센터에서 받고 있습니다
장애인보장구를 구입하려고 하는데 지원받을 수 있나요,의료급여 수급권자 중 장애인복지법에 따라 등록한 장애인은 보장구 구입 시 지원을 받아 구입하실 수 있습니다
장애인자동차표지 발급 신청 시 필요한 서류는 무엇입니까,주민센터에 비치된 신청서와 장애인의 장애인 복지카드 그리고 자동차등록증과 운전 면허증이 필요합니다
장애등급제 폐지가 되면 장애인등록 절차 및 구비서류가 달라지나요,장애등급제 폐지가 되어도 장애등록 절차 및 구비서류는 현행과 동일합니다
특수교육지원센터의 주요 역할이 무엇인가요,특수교육지원센터의 주요 역할은 특수교육대상자의 조기발견과 진단 그리고 평가 관련 서비스 지원 및 순회교육 등입니다
장애인 전용 주차구역에는 어떤 차량이 주차 가능한가요,장애인 전용 주차구역 주차가능표지를 부착한 차량에 보행에 장애가 있는 사람이 탑승한 경우에만 주차 가능합니다
장애인 주차 구역 위반 단속 시간은 어떻게 되나요,단속시간은 생활불편앱 국민신문고 콜센터 등으로 24시간 주민신고를 받고 있으며 위반 사실이 명백하다면 과태료를 부과합니다
특수 교육 대상자 선정 후 의무 교육 기간동안 계속 지원을 받아야만 하나요,학생의 학습이나 적응정도를 고려하여 부모님의 요구 하에 취소할 수 있습니다
특수 교육 대상자로 선정되면 의무 교육 기간동안 계속 지원을 받아야만 하나요,학생의 학습이나 적응정도를 고려하여 부모님의 요구 하에 취소할 수 있습니다
장애등급이 있는 사람이 신호 위반에 단속되어 과태료 용지를 받았는데 감경이나 면제되는 방법이 있나요,장애인 복지법에 따라 제1급부터 3급까지의 장애인임이 확인될 경우 50퍼센트 감경이 가능합니다
 장애인증을 분실하였는데 장애인으로 과태료 감경을 신청할 수 있나요,본인확인 후 행정정보를 열람가능 하도록 동의서를 작성하여 제출하면 전산망으로 확인하여 처리가 가능합니다
다쳤는데 장애 등급 받을 수 있나요,장애인 등록은 장애인 복지법의 규정에 의한 장애 등급 판정 기준에 해당되어야 가능합니다
경계선 지적 장애인도 경증 장애인으로 분류되나요,경계선 지적 장애인이란 건 없습니다 경계선 지능이 있는데 경계선 지능은 애초에 장애가 아니기 때문에 장애인으로 분류되지 않습니다
공무원 공기업 임용에서 장애 경증도 장애 전형으로 응시할 수 있을까요,장애인 등록이 되어 있다면 누구나 장애인 구분 모집에 응시를 할 수 있습니다 채용 공고문에 응시 조건을 확인하시기 바랍니다
경계성 지능이 자립과 취업하는데 지자체와 정부의 도움을 받을 수 있나요,경계성 지능의 경우 장애인으로 분류되지 않기 때문에 정부와 지자체의 지원을 받을 수 없습니다
지적장애3급이고 고등학교 중퇴했는데 장애인 고용 공단에서 일자리를 구할 수 있나요,장애인고용공단에서는 학력을 따지지 않고 일자리를 알선해줍니다
cj헬로비전은 장애인 할인이 되나요,CJ 헬로비전은 장애인 및 기초생활 수급자에게 30퍼센트 할인 혜택을 제공하고 있습니다
ccs 충북방송에서 장애인 할인되나요,충북방송에서 제공하는 인터넷과 인터넷방송은 30퍼센트 할인 혜택을 제공합니다
장애인이고 기초생활수급자인데 장애수당을 신청할 수 있나요,기초생활수급자 또는 차상위계층이라면 장애 수당 신청이 가능합니다
장애 3급도 장애인연금을 받을까요,장애인연금 제도에서는 3급 장애인은 신청 대상자가 아닙니다
장애인등록자는 대중교통 버스를 무료로 이용하나요,버스의 경우 장애인 승차에 대한 요금할인을 제공하지 않습니다
공무원 채용에서 왜 장애인들을 따로 뽑는 건가요,상대적 취업 여건이 어려운 중증 장애인의 공직 진출 기회를 확대하기 위해 경력 채용 요건 완화 등을 하는 경우가 많습니다
3급 정신장애인이 병이 완치되면 바로 기초생활수급자 탈락되나요,근로능력이 생길 수 있으므로 탈락할 수 있지만 완치가 되어도 유예 기간을 두게 됩니다
3급 장애인도 장애인 연금을 받을 수 있나요,올해 복지 예산안에 일반 3급 장애인에 대한 장애인 연금 관련 예산은 편성되어 있지 않습니다
지체 장애 5급인 사람이 면허증 발급을 해야만 하나요,면허 취득은 개인의 선택에 따라서 하면 됩니다
내년부터 3급 장애인이면서 기초생활수급자인 사람들만 장애인연금 받는 건가요,내년부터 3급 장애인이면서 기초생활수급자인 사람들이 장애인 연금을 받는다는 소식은 없는 것 같습니다
3급 장애인도 내년부터 장애인 연금 받을 가능성이 있나요,당분간 장애인 연금 확대 지급은 어려울 것입니다
언제쯤 장애인 3급도 장애인연금을 받을까요,당분간 장애 3급은 장애인 연금을 받기가 어려울 것으로 보입니다
3급 장애인도 장애인연금 받는다는 말이 있었는데 어떻게 됐나요,3급 장애인이 장애인 연금을 받으려면 법적으로나 예산상으로나 장애인 연금을 확대 적용해야 하는데 그러지 못 하고 있습니다
장애인이 경찰대학에 다니는데 돈 얼마 정도 들까요,경찰대학교 등록금은 전액 국비로 지원되고 있으며 몇 년 내로 등록금 지원 기준이 달라질 예정입니다
장애인 에어컨 할인 혜택 있나요,장애인에게 전기세는 혜택이 있습니다
2022년엔 장애 3급도 장애인 연금 가능한 건가요,아직 확정된 것은 없습니다
장애인도 경찰대학에 갈 수 있나요,장애인도 요건을 갖추면 경찰대학에 갈 수 있습니다
유방암 2기인데 장애연금 지급 대상에 포함되나요,개인의 암 질병은 국가 장애인 대상이 아닙니다
장애인 증명서는 어디서 발급받나요,주민 센터 또는 무인 민원 발급기 정부24 홈페이지에서 장애인 증명서 발급 신청을 하실 수 있습니다
장애인 등급제는 어떻게 바뀌었나요,과거에는 장애 등급이 1급에서 6급까지 있었습니다 현재는 장애 정도가 심한 중증 장애인과 심하지 않은 경증 장애인으로만 단순하게 나눕니다
내년에도 3급 장애인에 대한 장애인연금 지급은 불가능한 건가요,내년에도 3급 장애인에 대한 장애인 연금 지급이 어려울 것으로 보입니다 당분간 3급 장애인의 장애인 연금 적용이 어려울 것입니다
2020년 예산안이 결정됐는데 3급 장애인의 장애인연금은 어떻게 되는 건가요,2020년도 보건복지부 예산안 중 중복장애가 아닌 일반 3급 장애인 관련 장애인 연금 편성안은 없습니다
청각장애인도 장애인주차구역에 주차 가능한가요,장애인 주차구역에는 거동이 불편한 장애인이나 중증장애인만 주차가 가능합니다 즉 청각 장애인은 장애인 주차 구역 주차 가능 대상자가 아닙니다
시각장애인은 지폐의 액수를 구별할 수 있나요,우리나라의 경우 은행권 앞면 왼쪽 하단부에 별 형식의 점자가 있습니다
내년부터 장애 3급도 장애인연금을 받을 가능성은 없는 건가요,2022년까지 장애인연금 지급대상자 범위를 중복장애가 아닌 일반 3급 장애인까지 확대한다는 정부 계획은 있으니 추후 보건복지부 발표를 기다리시기 바랍니다
장애인 자동차 카드 충전 어떻게 하나요,장애인 자동차 카드 충전은 고속도로 내의 영업소와 휴게소에서 충전할 수 있습니다. 
3급 장애인은 언제 장애인연금 받을 수 있을까요,2022년까지 장애인연금 지급대상자 범위를 중복장애가 아닌 일반 3급 장애인까지 확대한다는 정부 계획은 있으니 추후 보건복지부 발표를 기다리시기 바랍니다
장애인 활동 지원사업은 어떻게 신청하나요,장애인 활동 지원 기관을 통해서 신청할 수 있으니 거주하시는 지역의 활동 지원 기관에 문의해보세요
3급 장애인도 장애인연금 받을 수 있을까요,2022년까지 장애인연금 지급대상자 범위를 중복장애가 아닌 일반 3급 장애인까지 확대한다는 정부 계획은 있으니 추후 보건복지부 발표를 기다리시기 바랍니다
장애 2급은 장애인 연금받을 수 있나요,장애 2급은 장애 연금 지급 대상입니다
우체국 장애인 희망적금 현재 시행하고 있나요,우체국 장애인 희망적금은 현재 판매 종료되었습니다 
국가 등록 장애인은 징병검사 6급인가요,국가 등록 장애인은 징병검사 5급 6급입니다
장애3급도 2022년에 장애연금 지급할 계획이라던데 사실인가요,2022년까지 장애인연금 지급대상자 범위를 중복장애가 아닌 일반 3급 장애인까지 확대한다는 정부 계획은 있으니 추후 보건복지부 발표를 바랍니다
장애인용 경형자동차란 무엇인지 궁금합니다,장애인 소유 자동차 중 배기량 1000CC 미만 자동차를 말합니다
지적장애 3급인데 혼자서 자립을 하려면 힘든 가요,노력하면 장애도 극복할 수 있습니다
장애인은 도로주행 시험 볼 때 수수료 안 드나요,장애인이라고 해서 운전면허 도로 주행 시험 응시 수수료 감면 혜택이 지원되지 않습니다
장애 3급이 장애인 연금을 받으려면 최소한 시간이 얼마나 걸리는지요,2022년까지 장애인연금 지급대상자 범위를 중복장애가 아닌 일반 3급 장애인까지 확대한다는 정부 계획은 있으니 추후 보건복지부 발표를 기다리시기 바랍니다
자폐성 3급 장애인이면 지하철을 무료로 탈 수 있나요,장애등급에 상관없이 국가 등록 장애인은 지하철 무임 승차 대상자로 1일 이용 횟수 제한이 따로 없으니 원하시는 만큼 이용하실 수 있습니다
장애인 주차장에 장애인 주차 표지도 없이 주차한 경우 어떻게 해야 하나요,교통 불법주차 신고 앱으로 신고하시면 장애인주차장에 주차 표지도 없이 주차한 사람에게 과태료가 부과됩니다
장애인차량은 매년 돈 얼마나 들까요,장애인 차량이므로 자동차세는 면제되고 어떻게 이용하느냐에 따라 소요되는 비용이 달라질 수 있습니다
지적장애3급과 자폐성장애3급이 합산된 중복장애일 경우 자폐성장애 2급이 되나요,지적장애3급과 자폐성장애3급이 합산된 경우 중복장애 3급이라고 부릅니다
노인양로시설인데 장애인 주차 공간을 설치해야 하는지요,노인양로시설이라도 장애인 주차공간을 설치해야 합니다
장애인도 행정 도우미가 될 가능성이 있나요,장애인이라 해도 행정도우미 또는 공무원 모두 가능합니다 시험을 보셔서 합격이 되면 근무를 할 수 있습니다
3급 장애인은 장애수당 대상자인가요,장애인 본인과 배우자의 소득이 일정 금액 이하여야 가능합니다
내년이 되면 3급도 장애인 연금을 취약 계층부터 받을 수 있나요,2022년까지 장애인연금 지급대상자 범위를 중복장애가 아닌 일반 3급 장애인까지 확대한다는 정부 계획은 있으니 추후 보건복지부 발표를 기다리시기 바랍니다
정신 장애에 등록할 수 있는 정신 질환은 어떤게 있나요,지적장애 조현병 사이코패스 등이 있습니다
지능지수 몇부터 자폐성 장애 3급인가요,자폐성 장애는 지능지수와 아무 상관이 없습니다 
버스는 장애인 할인혜택이 없나요,버스는 장애인 혜택이 전혀 없습니다
장애인 심신미약자 기준이 무엇인가요,장애인 심신미약자 판단은 법원이 정신병원 의사에게 의뢰를 하면 의사가 판단합니다
자폐성 장애인인데 장애인 콜택시 이용할 수 있나요,서울시 장애인 콜택시 기준 자폐성 장애인은 콜택시를 이용하실 수 없습니다
자폐성 장애만으로는 의료비 지원을 못 받나요,자폐성 장애만으로는 별도의 의료비를 지원해주지 않습니다
내년에 3급 장애인도 장애인연금 줄 지 말지 언제 알 수 있는지요,2022년까지 장애인연금 지급대상자 범위를 중복장애가 아닌 일반 3급 장애인까지 확대한다는 정부 계획은 있으니 추후 보건복지부 발표를 기다리시기 바랍니다
조울증은 장애로 인정 받을 수 있나요,조울증은 치료가 가능하기 때문에 장애로 인정받지 못합니다
장애인 주차 구역에 주차하면 안되는 이유가 무엇인지 궁금합니다,장애인 주차장은 지체장애인과 몸이 불편한 사람만 주차할 수 있는 곳 입니다
장애인등록증은 매년 갱신해야 하나요,장애인 등록증은 장애인복지카드에 적힌 유효 기간 안에 갱신하시면 됩니다
정신 장애 3급이고 기초 생활 수급자인데 내년에 장애인 연금 받을 수 있나요,2020년 장애인연금 신청대상자 범위를 일반 3급 장애인으로 확대하겠다는 계획은 아직 없습니다
장애인연금을 장애 3급으로 확대하는 것에 대해 논의가 되었나요,2022년까지 장애인연금 지급대상자 범위를 중복장애가 아닌 일반 3급 장애인까지 확대한다는 정부 계획은 있으니 추후 보건복지부 발표를 기다리시기 바랍니다
내년에 3급도 장애연금 신청할 수 있나요,2022년까지 장애인연금 지급대상자 범위를 중복장애가 아닌 일반 3급 장애인까지 확대한다는 정부 계획은 있으니 추후 보건복지부 발표를 바랍니다
장애인연금은 한 달에 한 번씩 입금되나요,장애인 연금 정기 지급일은 매월 20일이며 해당 일이 토요일 공휴일인 경우 그 전날에 지급됩니다
장애인도 취업 가능하나요,장애인도 취업 가능합니다
한국에서 장애인이 가질 수  있는 직업은 무엇이 있나요,장애를 가졌다고 하더라도 건강이 허락되고 능력이 있으면 자신이 잘하는 분야에서 취업할 수 있습니다
장애인 연금은 인상되나요,매년 물가상승율을 감안해서 소폭 인상됩니다
장애 심사 중인데 얼마나 걸리나요,장애 심사는 의료 기관에서 진단받은 장애 진단서를 거주지 관할 주민 센터에 제출한 날로부터 약 한 달 정도 소요됩니다
장애 재심사 과정에서 탈락하면 장애인 연금을 받을 수 없나요,장애인 연금 신청 시 장애 등급 재검증 절차에서 장애 상태가 호전되었다고 판정되어 장애 등급이 하락될 경우에는 장애인 연금을 받으실 수 없습니다
3급 장애인에게 장애인 연금을 안 준다는데 사실인가요,2022년까지 장애인연금 지급대상자 범위를 중복장애가 아닌 일반 3급 장애인까지 확대한다는 정부 계획은 있으니 추후 보건복지부 발표를 기다리시기 바랍니다
2020년도에 3급 장애인도 장애 연금 줄 수도 있나요,2020년에 장애인 연금 지급 대상자를 일반 3급 장애인으로 확대한다는 계획은 아직 없습니다
개인택시가 장애인 스티커 부착하고 장애인 주차장에 주차할 수 있나요,장애우도 개인택시를 할 수 있기 때문에 장애인 스티커를 붙이고 택시를 운행할 수 있습니다
경증 장애인도 장애인 영구 임대 주택 입주 자격이 되나요,장애인은 영구 임대 입주 자격 조건이 됩니다 미리 신청을 해야 하며 순위에 따라 입주가 되므로 기다려야 합니다
장애인 구입 및 자동차 세금 혜택은 자동차 1대만 가능한가요,장애인 구입 및 자동차 세금 혜택은 자동차 1대만 혜택이 주어집니다 또한 최소 5년간 운행을 하여야 합니다
1인 기초 수급 경증장애인에게 이사 비용 지원 되나요,기초 생활 수급자가 이사를 한다고 해서 이사 비용을 국가나 지자체에서 지원하지는 않습니다
몸이 불편하지만 밝게 웃으며 열심히 일하는 장애인이 어떻게 보이나요,매우 긍정적인 삶이라고 생각합니다 그리고 세상은 어려움 속에 희망이 존재합니다
장애인 주차 구역 위반 의견 제출은 어느 부서에 하나요,장애인 주차 구역 위반은 구청의 주민 복지과로 의견 제출합니다
지적장애자도 자활 근로자를 할 수 있나요,지적장애자도 정도에 따라 자활근로자를 할 수 있습니다
장애인 복지카드는 장애 종류를 구분해서 발급하나요,장애인 복지카드는 한 가지로 발급되며 다만 복지카드 전면에 등급과 등급사유가 기재되어 있습니다
장애인 복지 카드도 체크 카드 기능 있나요,장애인 복지 카드에 체크 카드 기능을 탑재할 수 있고 신용 카드 기능도 넣어서 사용할 수 있습니다
장애인들은 왜 나라에서 특권을 주나요,장애인들은 비장애인보다 많이 제약이 있기 때문에 국가 차원에서 각종 복지 혜택을 주는 것입니다
장애인은 역사 전공하기 힘드나요,장애인도 모든 과목을 제한없이 전공할 수 있습니다 장애는 불편함의 문제지 어떤 일을 아예 못하게 되는 제약은 아닙니다
한쪽 귀가 난청이면 장애 몇 등급 인가요,청각장애는 모두 6등급으로 나뉘며 한 쪽 귀만 안 들릴 경우에는 가장 가벼운 등급인 6급으로 분류가 됩니다
정신 장애 3급은 운전 면허증 시험 볼 수 있나요,수시적성검사에서 적합 판정을 받으면 운전 면허 시험에 응시할 수 있습니다
새로 바뀐 중증장애인의 기준을 알려주세요,1급에서 3급은 중증 장애인에 해당됩니다
중증 장애인 확인서 발급이 가능한 장소는 어디입니까,장애인 확인서는 장애인 고용 공단을 방문하면 발급 받을 수 있습니다
지적 장애 3급도 장애인 콜택시 이용할 수 있나요,장애인 콜택시 이용 대상자 범위를 3급 장애인까지 확대한다고 합니다
장애인 등록 신청한 후 장애인 복지 카드는 몇 일 후에 나오나요,장애인 등록을 신청하면 신청 시점에서 보름에서 한 달 정도 지나면 나옵니다
장애 등급이 폐지되었다는데 동사무소 가서 복지카드를 새로 받아야 하나요,장애 등급제 폐지는 기존의 등급은 장애인 카드 만기까지 그대로 유지하며 신규로 등록하는 장애인의 등급만 폐지하는 것 입니다 
장애인 등급제 폐지되면 지체3급도 장애인 콜택시 이용 가능하게 될까요,장애인 콜택시는 3급까지 혜택이 확대 될 예정입니다
장애인 취업을 도와주는 사이트를 알려주세요,워크투게더라는 장애인 고용 포털 사이트가 있습니다
장애인 급수가 폐지 된다는데 어떻게 바뀌나요,장애 급수를 현행 6급으로 나눈 것에서 두 가지로 구분되며 혜택들은 기존과 동일합니다
장애 등급 없어지면 장애 수당은 어떻게 되나요,장애 등급 없어져도 기초 수급자이고 장애 6급이라면 장애수당이 계속 지원됩니다
장애인은 하이패스로 고속도로 통행료 할인 받으려면 어떻게 해야 하나요,하이패스를 달 때 하이패스 자체를 장애인으로 신청해야 합니다 
만약 직장생활을 아주 잘하게 되면 장애 등급이 취소되나요,장애등급에서 재평가를 신청하지 않는 이상 장애 등급이 취소되지는 않습니다
장애인 복지 카드에 유효 기한이 없다는 것은 영구 장애라는 의미인가요,장애인 복지카드에 유효기간이 없는 경우 따로 추가진단을 받지 않습니다
장애인 등록하는데 얼마나 걸리나요,주민센터나 구청에 장애인 등록 신청하고 보름 정도면 등록됩니다
3급 중증 장애인의 상수도 요금 할인 혜택 여부가 궁금합니다,중증의 장애인이 수도 요금을 혜택 받는 것은 지역마다 차이가 있습니다 관할하는 지역 주민 센터나 상수도 사업소에 문의해주시길 바랍니다
장애 등급제 폐지되었을 때 등급은 어떻게 되나요,장애 등급제가 폐지되면 장애인 등급이 경증과 중증으로 나뉘어 집니다
장애 등급 어떻게 받나요,장애 등급을 받으려면 주민 센터에 장애 심사를 의뢰하고 전문의사의 진단을 받아서 심사와 판정을 거쳐야 합니다
장애 등급 재조정되면 경계선 지능도 장애 판정 받을 수 있나요,장애인 등급 재조정은 기존에 판정 되었던 등급을 가벼운 장애라는 경증과 심한장애라는 중증으로 나누어 복지 서비스를 제공하겠다는 것 입니다
3급 장애인인데 장애인등급제가 폐지되면 장애인 등록 재검해야 하나요,장애 등급제가 폐지 되더라도 기존 장애인분들이 장애 재판정을 받으실 필요는 없습니다
청각장애 5급인데 병역 판정 검사를 받는 이유가 뭐죠,병역 판정 검사에서 면제라고 판정을 해주어야 면제가 되기 때문입니다
장애인은 증여세 혜택을 받을 수 있나요,장애인이라 해도 증여세는 혜택이 없습니다
장애인도 운전할 수 있나요,장애인도 운전면허 취득 시 운전 가능합니다 
장애 등급 폐지 된다는 게 무슨 말인가요,장애등급이 장애정도가 심한 장애인과 장애정도가 심하지 않은 장애인으로만 표기됩니다
장애인 카드 종류가 어떻게 되나요,장애인 카드는 선불식 충전카드와 후불이 되는 신용카드가 있습니다 
장애인으로 군면제를 받았는데 장애인 전형 9급 군수직 군무원 지원 할 수 있나요,군면제를 받은 장애인이 군입대가 아닌 군대 내의 공무원으로 지원 가능합니다
장애인 등록 계속 할 수 있나요,영구 장애가 아니라면 장애인 등록 한 후 유효 기간이 지나면 장애 심사를 받아야 합니다 
장애인이 아무런 검사 없이 자신이 장애인이란 것을 알 수 있나요,장애인이라는 의학적인 검사 후에 전문의가 판단하는 것입니다 본인 스스로가 장애인이라는 걸 판단 할 수는 없습니다
장애 3급인데 장애등급 폐지가 되면 어느 쪽에 해당이 되나요,3급 장애인은 장애의 정도가 심한 장애인으로 구분됩니다
장애인 등급제가 폐지되면 장애인 카드를 새로 발급 받아야 하나요,장애 등급제가 폐지 되더라도 기존 장애인분들이 장애 재판정을 받아야 한다거나 장애인 등록증 복지카드를 새로 발급 받으실 필요는 없습니다
장애 3급은 승용차 2대까지 소유가 가능합니까,차량 소유에 제한은 없습니다 다만 장애인 혜택은 1대만 가능합니다
2022년에는 중복장애 3급이 아닌 일반 3급 장애인도 장애인연금 받을 수 있는지요,2022년부터 전체 3급까지 신청 대상 확대 할 계획이긴 하지만 계획일 뿐 아직 확정된 것은 아닙니다
장애 등급제 폐지되면 복지 카드 새로 발급 받나요,기존의 카드와 주차증은 그대로 쓰고 이후 카드랑 복지 카드가 기한이 만료되면 그 때 가서 새로 발급 받으시면 됩니다
3000cc 이상 차량은 장애인 차량 혜택 안 되나요,장애인 세제 취득세 혜택의 경우 배기량 2000cc 이하 승용차에 해당됩니다
기초생활수급자인데 장애인연금 주거비가 안 들어왔는데 어떡하나요,기초 수급자가 받아야 할 주거비와 장애 연금을 받지 못했다면 관할구청에 어떻게 된 일 인지 확인 전화 해봐야 합니다
장애인 안전 보행에 관한 법률이 있나요,장애인 안전 보행에 관한 법률은 없으며 모든 보행자를 대상으로 한 보행 안전 및 편의 증진에 관한 법률이 있습니다
허위로 지적 장애인 등록하면 어떻게 되나요,허위로 지적 장애인 등록을 한다면 법에 위배되는 명백한 불법이며 등록을 시켜준 의사도 당연히 책임을 집니다
장애인 사립 학교법이 있나요,장애인 사립 학교법이 따로 제정되어 있지는 않습니다
장애인끼리 살면 정부가 도와주나요,장애인끼리 산다고 따로 도와주는 건 없습니다 대신 장애인 연금 기초 수급자 지원 등이 도움이 될 수 있습니다
일터에서 4대보험 적용하지 않으면 근무자가 장애인이라는 거 모르나요,5인 이상 사업장은 4대 보험이 가입되기 때문에 나중에라도 장애인 여부를 알게 됩니다
알츠하이머는 지체장애 진단을 받을 수 있나요,알츠하이머는 지체 장애로 나오지 않고 정신 장애로 나옵니다
저상버스는 다 휠체어로 탈 수 있나요,저상버스는 다 휠체어 탈 수 있습니다
산업 재해로 한 쪽 눈 실명되면 몇 급인가요,산업 재해로 한쪽 눈만 실명되고 다른 쪽 눈 시력은 10인 경우 8급에 해당합니다
장애인 차량에 장애인이 동승하고 있을 때 버스 전용 차로를 이용 할 수 없나요,장애인이 타고 있는 자동차라고 해서 버스 전용 차선을 이용 할 수는 없습니다
장애 등급 받은 거 취소 할 수 있나요,장애 등급 취소는 동사무소를 방문해서 복지 담당자와 상의하고 결정합니다
장애등급 있으면 취업할 때 불이익 있나요,장애인 채용 시 가산점을 주는 업체들이나 공기업에 취업하시면 됩니다
장애인 활동 지원 본인 인정 점수는 어디서 확인할 수 있나요,주소지 읍 면 동 주민센터 또는 가까운 국민 연금 공단 지사로 문의하시길 바랍니다
장애인인데 안정된 직장을 구할 수 있나요,한국 장애인 고용 공단 또는 워크투게더를 통해서 지역 내 장애인 구인 업체 정보를 확인 해 보시길 바랍니다
본인 거주 지역 외 국내 타지에서도 장애인 증명서를 발급 받을 수 있나요,장애인 증명서는 전국 어느 주민 센터에서도 발급 받을 수 있습니다
일반 주차 구역에 장애인 차량 주차가 불가능한가요,일반 주차 구역에 장애인 차량 주차는 가능하지만 장애인 전용 주차 구역에 일반 차량 주차는 불가능합니다
새로 실시되는 신 장애인 등급제는 어떤 건가요,개편되는 장애 등급제는 중증과 경증으로 구분하지만 혜택은 기본적으로 기존 것을 유지합니다
장애인 주차장에 전화 번호없이 주차를 하면 어떻게 해야 될까요,장애인 주차 구역에 일반 차량 주차는 위법 행위로 신고할 수 있습니다
장애인이 기초 수급자로 신청하여 받는 돈은 가족들도 쓸 수 있나요,기초 수급자로 신청하면 본인 통장으로 생계비가 입금되므로 본인만 사용할 수 있습니다
장애인 카드 분실 시 정지 시킬 수 있나요,체크 카드 또는 신용 카드 기능이 첨부된 장애인 복지 카드라면 카드사로 분실 신고를 하면 사용 정지가 됩니다
췌장암에 걸리면 장애 등급 나오나요,췌장암에 걸렸다고 해서 장애 등급이 나오는 것은 아닙니다 췌장암에 걸려 특정 장애가 발생하는 경우에 장애 등급이 되는 것입니다
시각 장애인을 위한 보행 안내용 편의 시설을 알려주세요,점자 블록이나 횡단 보도 부근에서 교통 신호의 변화를 음성과 멜로디로 알려주는 음향 신호기 등이 있습니다
상지 절단 장애인이 사용하는 보조 기구는 뭐가 있나요,절단 장애인이 사용하는 장애인 보장구로는 팔 보조기 다리 보조기 휠체어 등 여러 가지가 있습니다
장애인이 할 만한 자격증 없나요,사회 복지 자격증이나 제과 제빵 바리스타 자격증을 많이 취득하고 관련 업계로 취업을 하는 경우가 많습니다
장애 등급제 없어지면 3급이 받는 혜택은 사라지나요,장애 등급제 없어져도 3급은 중증에 해당 되며 지금까지 혜택 받는 것은 그대로 유지가 됩니다
장애 연금 사전 신청 언제 하나요,연중 어느 때나 장애인 연금은 주민 센터를 방문 하시거나 복지로 홈페이지에서 신청이 가능합니다
면사무소도 장애인 일자리 연결 시켜주나요,면사무소는 취업 일자리 업무를 보지 않고 구청에서 공공 근로나 장애인 일자리에 대한 모집 공고가 나옵니다 
자폐성 장애인도 장애인 일자리로 취업 가능할까요 ,장애인 전형이 있으면 면접 후 취업할 수 있습니다
3급 장애인인데 장애인 혜택으로 지금까지 받았던 매월의 전기 가스 등의 요금 감면의 내역 전체를 확인하는 방법은 무엇인가요,사이버한전 홈페이지에서 로그인 후 요금 청구 내역 및 납부 내역을 확인 하시거나 한전 고객센터 국번없이 123으로 문의 하시길 바랍니다
혹시 장애인 수당 인상 소식 있나요,정부 차원에서의 장애인 수당 인상은 당장은 어려워 보입니다만 세종시가 2023년까지 장애인 수당을 최대 5만원 이상 인상하는 방안을 검토하고 있습니다
가족 없으면 장애인 시설 갈 수 없나요,장애인 시설은 가족이 있고 없고와 상관 없이 일정한 조건이 갖춰지면 들어갈 수 있습니다
특수반 장애인들도 대학 갈 수 있나요,배우는데 있어서 제약을 두지 않기 때문에 해당 대학을 들어갈 실력만 된다면 가능합니다 
장애 등급제가 폐지되면 3급 장애인도 기초 생활 수급자로 등록할 수 있나요,장애 등급제 여부와 상관 없이 기초생활수급자로 언제든지 등록이 가능합니다
주거 급여와 장애 수당은 어떻게 해야 받을 수 있나요,주거 급여와 장애 수당은  개개인의 재산 유무나 질병 유무에 따라 선정됩니다
장애인 영구 임대 아파트 신청 조건이 어떻게 되나요,장애인 영구 임대 아파트는 매년 2월경에 주민 센터에서 LH에 입주 신청을 하면 됩니다
일상 생활이 가능한데 장애 등급 조정할 수 있나요,일상적인 생활을 한다고 장애등급이 취소되는 건 아닙니다 장애 등급 조정은 오직 전문의만 할 수 있습니다 
장애인 복지 카드 처음 발행 날짜 알고 싶네요,개인 정보 관련 사항은 다른 사람이 확인할 수 없으니 발급 기관에 문의하여 보시기 바랍니다
장애인증 만들기 위한 절차와 필요한 것들은 어떤 것들이 있나요,병원에서 장애 진단서를 떼고 신분증을 들고 동사무소를 방문하면 됩니다
장애인 일자리가 찾아봐도 없네요,고용 노동부가 있다면 그곳으로 가셔서 일자리에 대한 상담을 해 보시는 것이 좋으실 거 같습니다
장애인 카드를 다른 사람이 사용해도 되나요,장애인 복지 카드는 신분증이라 다른 사람이 쓰면 불법입니다
지적 장애 2급도 기술을 배워서 전문적인 커리어 활동이 가능한가요,열심히 하면 누구나 그 분야 에서 일 할 수 있습니다
장애 복지 카드 있으면 핸드폰 요금 얼마 할인 되나요,장애인에게 휴대폰 요금의 35퍼센트 할인 혜택을 제공합니다 
장애인 취소하러 가려고 하는데 꼭 부모와 함께 가야 되나요,성인이라면 혼자 취소가 가능합니다
장애인 물품 배분 신청 방법에 대해 알려주세요,홈페이지에서 물품 정보 조회를 하시고 배분 신청서를 작성하여 접수하시면 됩니다
장애인도 혼자서 복지관 직업 훈련 신청 가능하나요,복지관 직업 훈련 신청 시 보호자 동반 신청에 대한 규정은 없습니다 신청 전 전화로 문의하시고 직업 훈련 신청하시기 바랍니다
장애인 복지 카드 분실했는데 어떡하나요,장애인 복지 카드를 분실했다면 주민 센터에 가셔서 신고 후 신분증을 확인하여 재발급 받을 수 있습니다
장애인은 무조건 군면제인가요,장애인 등록이 되어 있다면 병무청 징병 검사에서 자동 배제가 됩니다
중증 장애인 실업 급여 일괄 수급 되나요,장애인이라고 해서 구직 활동 없이 실업 급여를 일괄 지급하지 않습니다
장애 등급은 숫자가 높을수록 중증인가요 낮을수록 중증인가요,장애 등급이 낮을수록 장애 정도가 심한 것입니다
장애인 등록해야 장애인 혜택을 받을 수 있나요,장애인으로서 지원이나 혜택을 받으려면 장애인 등록을 해야 합니다
장애인인데 핸드폰을 구입할 때 기계값을 할인 받을 수 있나요,장애인이라고 해서 핸드폰 기계값 할인 혜택은 지원되지 않으며 핸드폰 요금 복지 할인만 받을 수 있습니다
시외 버스는 장애인 할인 되나요,고속 버스 및 시외 버스는 장애인 할인을 제공하지 않습니다
장애인 보호 작업장 몆시에 퇴근하나요,전국적으로 대부분의 장애인 보호작업장의 이용시간은 평일 9시부터 18시 입니다
장애인인데 웨딩홀 할인 되나요,기초 생활 수급자나 장애인이라고 해서 개인이나 법인에서 운영하는 웨딩홀 할인 혜택이 따로 지원되지는 않습니다
장애인 복지카드를 분실 신고했다가 찾았는데 어떻게 해야 하나요,장애인 카드 분실 신고 해지를 하셔야 합니다
중증 장애인인데 어떻게 해야 장애인 거주 시설에 입소할 수 있나요,가까운 지역 내 장애인 거주 시설이 있는 지 확인 하신 후 해당 기관 홈페이지나 대표 번호로 입소 상담을 받아 보시길 바랍니다
장애인 주차 구역에 주차 하려면 어떻게 해야 하나요,장애인 주차증을 발급 받으시려면 먼저 장애인 진단을 받고 보행상 장애에 해당 해야 주민 센터에서 주차 가능 표지판을 발급 받을 수 있습니다
지적 장애인이 장애 고용 공단에서 취업하는 과정에서 이력서에 장애 등록 여부가 포함 되어 있나요,장애인이 장애인 고용촉진공단을 통하여 취업을 하려할 때 이력서나 취업신청서에 장애등록이 표시 됩니다
장애등급 폐지 시 3급은 장애인 연금 받을 수 있나요,장애 등급이 폐지돼도 3급은 장애 연금 대상이 아닙니다 장애 연금은 기초 수급자이며 장애 1급에서 3급까지의  중복 장애인 일 경우에 지원됩니다 
청각 장애도 신체적 장애 인가요,지적 장애 자폐성 장애 정신 장애를 제외한 나머지 장애들은 신체적 장애에 해당합니다
장애인 주차 구역 위반 과태료 조회는 어디서 할 수 있나요,과태료 조회는 관할구청 홈페이지에서 하실 수 있습니다
시각장애 6등급 고속버스 요금할인 받나요,현재 시외 버스와 고속 버스는 장애인이나 경로 등 할인 혜택을 부여하지 않고 있습니다
고양 종합 터미널에서 장애인 할인이 따로 있나요,버스는 시내 버스나 시외 버스 모두 장애인 할인 혜택이 없습니다 KTX나 SRT를 타야 할인이 됩니다
장애인 일자리 어디서 찾나요,장애인의 일자리를 살펴 보시려면 장애인 고용 촉진 공단에 문의를 해보시거나 장애인 재활 협회 홈페이지에 접속 해보시길 바랍니다
하반신 마비 환자가 비행기 장애인석에 앉을 경우 옆에 보호자도 앉을 수 있나요,하반신마비는 1급 또는 2급 중증 장애이고 휠체어석과 보호자석이 따로 마련되어 있습니다 
